match_id,match_date,player_name,career_avg_before_match,recent_2_avg_before_match,recent_3_avg_before_match,recent_5_avg_before_match,prior_match_count,days_since_last_match,historical_balls_faced_avg_before_match,historical_overs_bowled_avg_before_match,historical_runs_avg_before_match,historical_wickets_avg_before_match,bayesian_posterior_before_match,adjusted_posterior_before_match,is_batter,is_bowler,is_allrounder,is_wicketkeeper,historical_avg_pressure_faced,historical_avg_confidence,historical_confidence_slope,historical_high_pressure_control,historical_pressure_resilience,historical_dot_recovery_rate,fantasy_points
2,2026-07-02,Aarav Sharma,124.0,124.0,124.0,124.0,1.0,1.0,63.0,0.0,94.0,0.0,124.0,123.0,1.0,0.0,0.0,0.0,0.162,0.599,0.0,0.0,0.599,0.789,82.0
2,2026-07-02,Advait Tiwari,25.0,25.0,25.0,25.0,1.0,1.0,0.0,4.0,0.0,1.0,25.0,24.0,0.0,1.0,0.0,0.0,0.0,0.0,0.0,0.0,0.0,0.0,6.0
2,2026-07-02,Arjun Nair,25.0,25.0,25.0,25.0,1.0,1.0,0.0,3.0,0.0,1.0,25.0,24.0,0.0,1.0,0.0,0.0,0.0,0.0,0.0,0.0,0.0,0.0,50.0
2,2026-07-02,Devansh Kulkarni,54.0,54.0,54.0,54.0,1.0,1.0,16.0,0.0,35.0,0.0,54.0,53.0,1.0,0.0,0.0,0.0,0.284,0.659,0.002,0.0,0.659,0.75,83.0
2,2026-07-02,Krish Vyas,6.0,6.0,6.0,6.0,1.0,1.0,7.0,0.0,6.0,0.0,6.0,5.0,1.0,0.0,0.0,0.0,0.375,0.515,-0.01,0.0,0.515,0.5,0.0
2,2026-07-02,Manan Gaur,88.0,88.0,88.0,88.0,1.0,1.0,32.0,0.0,61.0,0.0,88.0,87.0,1.0,0.0,0.0,0.0,0.101,0.669,-0.001,0.0,0.669,0.571,25.0
2,2026-07-02,Reyansh Jain,25.0,25.0,25.0,25.0,1.0,1.0,0.0,3.0,0.0,1.0,25.0,24.0,0.0,1.0,0.0,0.0,0.0,0.0,0.0,0.0,0.0,0.0,8.0
2,2026-07-02,Rohan Saxena,0.0,0.0,0.0,0.0,1.0,1.0,0.0,4.0,0.0,0.0,0.0,-1.0,0.0,1.0,1.0,0.0,0.0,0.0,0.0,0.0,0.0,0.0,21.0
2,2026-07-02,Samar Chawla,14.0,14.0,14.0,14.0,1.0,1.0,0.0,4.0,0.0,0.0,14.0,13.0,0.0,1.0,0.0,0.0,0.0,0.0,0.0,0.0,0.0,0.0,25.0
2,2026-07-02,Vivaan Rao,3.0,3.0,3.0,3.0,1.0,1.0,2.0,0.0,3.0,0.0,3.0,2.0,1.0,0.0,0.0,0.0,0.409,0.608,0.002,0.0,0.608,0.0,8.0
2,2026-07-02,Yash Bhandari,25.0,25.0,25.0,25.0,1.0,1.0,0.0,2.0,0.0,1.0,25.0,24.0,0.0,1.0,0.0,0.0,0.0,0.0,0.0,0.0,0.0,0.0,0.0
3,2026-07-03,Aarav Sharma,103.0,103.0,103.0,103.0,2.0,1.0,56.5,0.0,78.5,0.0,103.0,95.07000000000001,1.0,0.0,0.0,0.0,0.2545,0.5954999999999999,0.0,0.0,0.5954999999999999,0.728,51.0
3,2026-07-03,Advait Tiwari,15.5,15.5,15.5,15.5,2.0,1.0,0.0,4.0,0.0,0.5,15.5,11.365,0.0,1.0,0.0,0.0,0.0,0.0,0.0,0.0,0.0,0.0,0.0
3,2026-07-03,Arjun Nair,37.5,37.5,37.5,37.5,2.0,1.0,0.0,3.0,0.0,1.5,37.5,39.875,0.0,1.0,0.0,0.0,0.0,0.0,0.0,0.0,0.0,0.0,0.0
3,2026-07-03,Devansh Kulkarni,68.5,68.5,68.5,68.5,2.0,1.0,24.0,0.0,47.5,0.0,68.5,71.41499999999999,1.0,0.0,0.0,0.0,0.3265,0.6615,0.0015,0.0,0.6615,0.732,84.0
3,2026-07-03,Krish Vyas,3.0,3.0,3.0,3.0,2.0,1.0,3.5,0.0,3.0,0.0,3.0,1.0100000000000002,1.0,0.0,0.0,0.0,0.375,0.515,-0.01,0.0,0.515,0.5,12.0
3,2026-07-03,Manan Gaur,56.5,56.5,56.5,56.5,2.0,1.0,24.5,0.0,41.5,0.0,56.5,45.105,1.0,0.0,0.0,0.0,0.17049999999999998,0.6545000000000001,0.0,0.0,0.6545000000000001,0.5854999999999999,34.0
3,2026-07-03,Reyansh Jain,16.5,16.5,16.5,16.5,2.0,1.0,0.0,3.0,0.0,0.5,16.5,12.694999999999999,0.0,1.0,0.0,0.0,0.0,0.0,0.0,0.0,0.0,0.0,25.0
3,2026-07-03,Rohan Saxena,10.5,10.5,10.5,10.5,2.0,1.0,0.0,4.0,0.0,0.5,10.5,12.335,0.0,1.0,1.0,0.0,0.0,0.0,0.0,0.0,0.0,0.0,39.0
3,2026-07-03,Samar Chawla,19.5,19.5,19.5,19.5,2.0,1.0,0.0,4.0,0.0,0.5,19.5,19.985,0.0,1.0,0.0,0.0,0.0,0.0,0.0,0.0,0.0,0.0,0.0
3,2026-07-03,Vivaan Rao,5.5,5.5,5.5,5.5,2.0,1.0,1.0,0.0,1.5,0.0,5.5,5.175,1.0,0.0,0.0,0.0,0.409,0.608,0.002,0.0,0.608,0.0,14.0
3,2026-07-03,Yash Bhandari,12.5,12.5,12.5,12.5,2.0,1.0,0.0,2.0,0.0,0.5,12.5,7.375,0.0,1.0,0.0,0.0,0.0,0.0,0.0,0.0,0.0,0.0,8.0
4,2026-07-04,Abeer Khan,0.0,0.0,0.0,0.0,1.0,3.0,0.0,4.0,0.0,0.0,0.0,-1.0,0.0,1.0,0.0,0.0,0.0,0.0,0.0,0.0,0.0,0.0,75.0
4,2026-07-04,Advik Agarwal,8.0,8.0,8.0,8.0,1.0,3.0,14.0,0.0,12.0,0.0,8.0,7.0,1.0,0.0,0.0,0.0,0.484,0.562,-0.003,0.0,0.562,0.5,40.0
4,2026-07-04,Atharv Deshmukh,38.0,38.0,38.0,38.0,1.0,2.0,12.0,0.0,28.0,0.0,38.0,37.0,1.0,0.0,1.0,0.0,0.387,0.649,-0.011,0.0,0.649,1.0,7.0
4,2026-07-04,Ayaan Qureshi,45.0,45.0,45.0,45.0,1.0,2.0,38.0,0.0,41.0,0.0,45.0,44.0,1.0,0.0,0.0,0.0,0.119,0.555,0.003,0.0,0.555,0.786,10.0
4,2026-07-04,Dhruv Patel,57.0,57.0,57.0,57.0,1.0,2.0,46.0,0.0,50.0,0.0,57.0,56.0,1.0,0.0,0.0,0.0,0.114,0.613,0.001,0.0,0.613,0.571,8.0
4,2026-07-04,Eshan Tomar,14.0,14.0,14.0,14.0,1.0,2.0,10.0,0.0,12.0,0.0,14.0,13.0,1.0,0.0,0.0,0.0,0.271,0.566,0.004,0.0,0.566,0.667,17.0
4,2026-07-04,Harit Sharma,11.0,11.0,11.0,11.0,1.0,2.0,11.0,2.0,10.0,0.0,11.0,10.0,1.0,1.0,1.0,0.0,0.414,0.573,-0.014,0.0,0.573,0.4,60.0
4,2026-07-04,Harshil Purohit,0.0,0.0,0.0,0.0,1.0,3.0,0.0,4.0,0.0,0.0,0.0,-1.0,0.0,1.0,0.0,0.0,0.0,0.0,0.0,0.0,0.0,0.0,100.0
4,2026-07-04,Kartik Shukla,0.0,0.0,0.0,0.0,1.0,2.0,0.0,3.3,0.0,0.0,0.0,-1.0,0.0,1.0,0.0,0.0,0.0,0.0,0.0,0.0,0.0,0.0,24.0
4,2026-07-04,Kiaan Bansal,63.0,63.0,63.0,63.0,1.0,3.0,31.0,0.0,37.0,0.0,63.0,62.0,1.0,0.0,0.0,0.0,0.74,0.477,-0.002,0.511,0.474,0.636,13.0
4,2026-07-04,Lakshya Goyal,20.0,20.0,20.0,20.0,1.0,3.0,14.0,0.0,18.0,0.0,20.0,19.0,1.0,0.0,0.0,0.0,0.424,0.664,-0.013,0.0,0.664,0.667,39.0
4,2026-07-04,Naman Bhargava,0.0,0.0,0.0,0.0,1.0,3.0,0.0,4.0,0.0,0.0,0.0,-1.0,0.0,1.0,0.0,0.0,0.0,0.0,0.0,0.0,0.0,0.0,31.0
4,2026-07-04,Omkar Mishra,25.0,25.0,25.0,25.0,1.0,3.0,0.0,4.0,0.0,1.0,25.0,24.0,0.0,1.0,0.0,0.0,0.0,0.0,0.0,0.0,0.0,0.0,39.0
4,2026-07-04,Parth Dubey,0.0,0.0,0.0,0.0,1.0,2.0,0.0,3.0,0.0,0.0,0.0,-1.0,0.0,1.0,0.0,0.0,0.0,0.0,0.0,0.0,0.0,0.0,52.0
4,2026-07-04,Pranav Joshi,30.0,30.0,30.0,30.0,1.0,3.0,20.0,0.0,27.0,0.0,30.0,29.0,1.0,0.0,0.0,0.0,0.328,0.627,0.001,0.0,0.627,1.0,83.0
4,2026-07-04,Ritvik Sen,40.0,40.0,40.0,40.0,1.0,3.0,11.0,0.0,29.0,0.0,40.0,39.0,1.0,0.0,0.0,0.0,0.329,0.627,0.011,0.0,0.627,1.0,39.0
4,2026-07-04,Siddhant Rathi,0.0,0.0,0.0,0.0,1.0,2.0,0.0,3.0,0.0,0.0,0.0,-1.0,0.0,1.0,0.0,0.0,0.0,0.0,0.0,0.0,0.0,0.0,7.0
4,2026-07-04,Tanishq Rawat,25.0,25.0,25.0,25.0,1.0,2.0,0.0,2.0,0.0,1.0,25.0,24.0,0.0,1.0,0.0,0.0,0.0,0.0,0.0,0.0,0.0,0.0,21.0
4,2026-07-04,Tanush Chaturvedi,45.0,45.0,45.0,45.0,1.0,3.0,30.0,0.0,31.0,0.0,45.0,44.0,1.0,0.0,0.0,1.0,0.738,0.613,0.002,0.51,0.62,0.6,35.0
4,2026-07-04,Vedant Soni,0.0,0.0,0.0,0.0,1.0,3.0,0.0,4.0,0.0,0.0,0.0,-1.0,0.0,1.0,0.0,0.0,0.0,0.0,0.0,0.0,0.0,0.0,25.0
4,2026-07-04,Vihaan Trivedi,1.0,1.0,1.0,1.0,1.0,2.0,3.0,0.0,1.0,0.0,1.0,0.0,1.0,0.0,0.0,0.0,0.335,0.621,0.011,0.0,0.621,0.0,11.0
4,2026-07-04,Viraj Thakur,0.0,0.0,0.0,0.0,1.0,2.0,0.0,3.0,0.0,0.0,0.0,-1.0,0.0,1.0,0.0,0.0,0.0,0.0,0.0,0.0,0.0,0.0,22.0
5,2026-07-05,Aarush Khandelwal,25.0,25.0,25.0,25.0,1.0,2.0,0.0,3.0,0.0,1.0,25.0,24.0,0.0,1.0,0.0,0.0,0.0,0.0,0.0,0.0,0.0,0.0,25.0
5,2026-07-05,Abeer Khan,37.5,37.5,37.5,37.5,2.0,1.0,0.0,4.0,0.0,1.5,37.5,46.625,0.0,1.0,0.0,0.0,0.0,0.0,0.0,0.0,0.0,0.0,80.0
5,2026-07-05,Advik Agarwal,24.0,24.0,24.0,24.0,2.0,1.0,17.0,0.0,21.5,0.0,24.0,27.32,1.0,0.0,0.0,0.0,0.4095,0.5755,0.0005,0.0,0.5755,0.6665,22.0
5,2026-07-05,Anay Gupta,99.0,99.0,99.0,99.0,1.0,2.0,58.0,0.0,85.0,0.0,99.0,98.0,1.0,0.0,0.0,0.0,0.19,0.581,-0.001,0.0,0.581,0.733,37.0
5,2026-07-05,Arnav Suri,0.0,0.0,0.0,0.0,1.0,2.0,0.0,4.0,0.0,0.0,0.0,-1.0,0.0,1.0,1.0,0.0,0.0,0.0,0.0,0.0,0.0,0.0,26.0
5,2026-07-05,Harshil Purohit,50.0,50.0,50.0,50.0,2.0,1.0,0.0,3.5,0.0,2.0,50.0,62.5,0.0,1.0,0.0,0.0,0.0,0.0,0.0,0.0,0.0,0.0,56.0
5,2026-07-05,Hriday Vohra,31.0,31.0,31.0,31.0,1.0,2.0,8.0,0.0,24.0,0.0,31.0,30.0,1.0,0.0,0.0,0.0,0.361,0.639,-0.013,0.0,0.639,0.5,4.0
5,2026-07-05,Keshav Lal,84.0,84.0,84.0,84.0,1.0,2.0,42.0,0.0,69.0,0.0,84.0,83.0,1.0,0.0,0.0,0.0,0.108,0.607,-0.002,0.0,0.607,0.75,44.0
5,2026-07-05,Kiaan Bansal,38.0,38.0,38.0,38.0,2.0,1.0,17.0,0.0,21.0,0.0,38.0,28.75,1.0,0.0,0.0,0.0,0.583,0.532,0.0015,0.2555,0.5305,0.318,50.0
5,2026-07-05,Lakshya Goyal,29.5,29.5,29.5,29.5,2.0,1.0,20.0,0.0,24.0,0.0,29.5,31.065000000000005,1.0,0.0,0.0,0.0,0.293,0.64,-0.009,0.0,0.64,0.778,35.0
5,2026-07-05,Madhav Iyer,0.0,0.0,0.0,0.0,1.0,2.0,0.0,0.0,0.0,0.0,0.0,-1.0,1.0,0.0,0.0,0.0,0.0,0.0,0.0,0.0,0.0,0.0,5.0
5,2026-07-05,Mihir Chhabra,25.0,25.0,25.0,25.0,1.0,2.0,0.0,3.0,0.0,1.0,25.0,24.0,0.0,1.0,0.0,0.0,0.0,0.0,0.0,0.0,0.0,0.0,96.0
5,2026-07-05,Nakul Bedi,26.0,26.0,26.0,26.0,1.0,2.0,12.0,0.0,18.0,0.0,26.0,25.0,1.0,0.0,0.0,0.0,0.275,0.574,-0.013,0.0,0.574,0.667,28.0
5,2026-07-05,Naman Bhargava,15.5,15.5,15.5,15.5,2.0,1.0,0.0,3.6,0.0,0.5,15.5,18.685,0.0,1.0,0.0,0.0,0.0,0.0,0.0,0.0,0.0,0.0,38.0
5,2026-07-05,Omkar Mishra,32.0,32.0,32.0,32.0,2.0,1.0,0.0,3.5,0.0,1.0,32.0,32.89,0.0,1.0,0.0,0.0,0.0,0.0,0.0,0.0,0.0,0.0,50.0
5,2026-07-05,Pranav Joshi,56.5,56.5,56.5,56.5,2.0,1.0,27.0,0.0,40.5,0.0,56.5,62.655,1.0,0.0,0.0,0.0,0.2295,0.625,0.0,0.0,0.625,0.75,38.0
5,2026-07-05,Pratyush Dubey,0.0,0.0,0.0,0.0,1.0,2.0,0.0,3.0,0.0,0.0,0.0,-1.0,0.0,1.0,0.0,0.0,0.0,0.0,0.0,0.0,0.0,0.0,0.0
5,2026-07-05,Ritvik Sen,39.5,39.5,39.5,39.5,2.0,1.0,14.5,0.0,29.5,0.0,39.5,38.335,1.0,0.0,0.0,0.0,0.1855,0.619,0.006999999999999999,0.0,0.619,0.8,11.0
5,2026-07-05,Shaan Oberoi,0.0,0.0,0.0,0.0,1.0,2.0,0.0,4.0,0.0,0.0,0.0,-1.0,0.0,1.0,0.0,0.0,0.0,0.0,0.0,0.0,0.0,0.0,78.0
5,2026-07-05,Tanush Chaturvedi,40.0,40.0,40.0,40.0,2.0,1.0,24.5,0.0,28.0,0.0,40.0,37.35,1.0,0.0,0.0,1.0,0.5489999999999999,0.6275,0.0,0.255,0.631,0.675,14.0
5,2026-07-05,Vedant Soni,12.5,12.5,12.5,12.5,2.0,1.0,0.0,4.0,0.0,0.5,12.5,14.875,0.0,1.0,0.0,0.0,0.0,0.0,0.0,0.0,0.0,0.0,0.0
5,2026-07-05,Yuvraj Panwar,50.0,50.0,50.0,50.0,1.0,2.0,0.0,3.0,0.0,2.0,50.0,49.0,0.0,1.0,0.0,0.0,0.0,0.0,0.0,0.0,0.0,0.0,3.0
6,2026-07-06,Aarush Khandelwal,25.0,25.0,25.0,25.0,2.0,1.0,0.0,3.0,0.0,1.0,25.0,24.0,0.0,1.0,0.0,0.0,0.0,0.0,0.0,0.0,0.0,0.0,33.0
6,2026-07-06,Anay Gupta,68.0,68.0,68.0,68.0,2.0,1.0,40.0,0.0,53.5,0.0,68.0,56.77,1.0,0.0,0.0,0.0,0.1345,0.5705,0.001,0.0,0.5705,0.679,80.0
6,2026-07-06,Arnav Suri,13.0,13.0,13.0,13.0,2.0,1.0,1.0,4.0,2.0,0.5,13.0,15.509999999999998,0.0,1.0,1.0,0.0,0.269,0.569,-0.15,0.0,0.569,1.0,78.0
6,2026-07-06,Atharv Deshmukh,22.5,22.5,22.5,22.5,2.0,2.0,10.5,0.0,17.5,0.0,22.5,16.385,1.0,0.0,1.0,0.0,0.438,0.5860000000000001,-0.0065,0.0,0.5860000000000001,1.0,1.0
6,2026-07-06,Ayaan Qureshi,27.5,27.5,27.5,27.5,2.0,2.0,20.0,0.0,21.5,0.0,27.5,20.725,1.0,0.0,0.0,0.0,0.1255,0.5555000000000001,-0.0955,0.0,0.5555000000000001,0.893,12.0
6,2026-07-06,Dhruv Patel,32.5,32.5,32.5,32.5,2.0,2.0,27.5,0.0,28.5,0.0,32.5,23.415,1.0,0.0,0.0,0.0,0.2165,0.5745,0.0005,0.0,0.5745,0.45199999999999996,57.0
6,2026-07-06,Eshan Tomar,15.5,15.5,15.5,15.5,2.0,2.0,12.0,0.0,14.0,0.0,15.5,14.905,1.0,0.0,0.0,0.0,0.3125,0.5805,-0.0045,0.0,0.5805,0.8335,46.0
6,2026-07-06,Harit Sharma,35.5,35.5,35.5,35.5,2.0,2.0,18.0,2.0,20.5,0.5,35.5,41.115,1.0,1.0,1.0,0.0,0.5529999999999999,0.5595,-0.0075,0.17,0.56,0.6285000000000001,3.0
6,2026-07-06,Hriday Vohra,17.5,17.5,17.5,17.5,2.0,1.0,7.5,0.0,14.0,0.0,17.5,12.045,1.0,0.0,0.0,0.0,0.298,0.571,-0.0125,0.0,0.571,0.4165,30.0
6,2026-07-06,Kartik Shukla,12.0,12.0,12.0,12.0,2.0,2.0,4.0,3.65,6.5,0.0,12.0,14.24,0.0,1.0,0.0,0.0,0.875,0.487,-0.013,0.105,0.487,0.0,32.0
6,2026-07-06,Keshav Lal,64.0,64.0,64.0,64.0,2.0,1.0,31.0,0.0,45.0,0.0,64.0,56.4,1.0,0.0,0.0,0.0,0.0785,0.595,-0.004,0.0,0.595,0.7085,78.0
6,2026-07-06,Madhav Iyer,2.5,2.5,2.5,2.5,2.0,1.0,2.0,0.0,2.5,0.0,2.5,2.175,1.0,0.0,0.0,0.0,0.302,0.548,-0.009,0.0,0.548,1.0,28.0
6,2026-07-06,Mihir Chhabra,60.5,60.5,60.5,60.5,2.0,1.0,11.5,3.0,18.0,1.5,60.5,69.08500000000001,1.0,1.0,1.0,0.0,0.414,0.429,0.003,0.0,0.429,1.0,8.0
6,2026-07-06,Nakul Bedi,27.0,27.0,27.0,27.0,2.0,1.0,15.5,0.0,21.0,0.0,27.0,26.27,1.0,0.0,0.0,0.0,0.21800000000000003,0.562,-0.0085,0.0,0.562,0.646,10.0
6,2026-07-06,Parth Dubey,26.0,26.0,26.0,26.0,2.0,2.0,9.0,3.5,12.5,0.5,26.0,32.019999999999996,0.0,1.0,0.0,0.0,0.666,0.39,-0.003,0.111,0.39,0.75,50.0
6,2026-07-06,Pratyush Dubey,0.0,0.0,0.0,0.0,2.0,1.0,0.0,2.5,0.0,0.0,0.0,-1.0,0.0,1.0,0.0,0.0,0.0,0.0,0.0,0.0,0.0,0.0,25.0
6,2026-07-06,Shaan Oberoi,39.0,39.0,39.0,39.0,2.0,1.0,10.5,4.0,12.0,1.0,39.0,48.53,1.0,1.0,1.0,0.0,0.437,0.393,0.001,0.0,0.393,0.625,75.0
6,2026-07-06,Siddhant Rathi,3.5,3.5,3.5,3.5,2.0,2.0,4.5,3.0,3.5,0.0,3.5,3.4449999999999994,0.0,1.0,0.0,0.0,0.836,0.468,-0.024,0.194,0.468,0.667,8.0
6,2026-07-06,Tanishq Rawat,23.0,23.0,23.0,23.0,2.0,2.0,0.5,3.0,0.0,1.0,23.0,21.34,0.0,1.0,0.0,0.0,0.891,0.469,0.0,0.097,0.469,0.0,25.0
6,2026-07-06,Vihaan Trivedi,6.0,6.0,6.0,6.0,2.0,2.0,4.5,0.0,5.5,0.0,6.0,6.35,1.0,0.0,0.0,0.0,0.367,0.6485000000000001,0.0055,0.0,0.6485000000000001,0.5,1.0
6,2026-07-06,Viraj Thakur,11.0,11.0,11.0,11.0,2.0,2.0,1.5,3.0,0.5,0.5,11.0,12.97,0.0,1.0,0.0,0.0,0.557,0.321,-0.09,0.0,0.321,1.0,20.0
6,2026-07-06,Yuvraj Panwar,26.5,26.5,26.5,26.5,2.0,1.0,1.0,3.0,1.5,1.0,26.5,17.745,0.0,1.0,0.0,0.0,0.504,0.444,0.013,0.0,0.444,0.0,58.0
7,2026-07-07,Aarav Sharma,85.66666666666667,66.5,85.66666666666667,85.66666666666667,3.0,4.0,46.333333333333336,0.0,65.66666666666667,0.0,92.05555555555557,84.97600796852164,1.0,0.0,0.0,0.0,0.29433333333333334,0.5936666666666667,0.001,0.0,0.5936666666666667,0.777,16.0
7,2026-07-07,Abeer Khan,51.666666666666664,77.5,51.666666666666664,51.666666666666664,3.0,2.0,4.666666666666667,4.0,5.333333333333333,1.6666666666666667,43.05555555555556,47.250723854364004,0.0,1.0,0.0,0.0,0.65,0.341,-0.002,0.227,0.327,0.333,68.0
7,2026-07-07,Advait Tiwari,10.333333333333334,3.0,10.333333333333334,10.333333333333334,3.0,4.0,0.0,4.0,0.0,0.3333333333333333,12.777777777777779,9.875983649328315,0.0,1.0,0.0,0.0,0.0,0.0,0.0,0.0,0.0,0.0,56.0
7,2026-07-07,Advik Agarwal,23.333333333333332,31.0,23.333333333333332,23.333333333333332,3.0,2.0,13.666666666666666,0.0,18.333333333333332,0.0,20.777777777777775,20.72773334250346,1.0,0.0,0.0,0.0,0.431,0.5813333333333334,0.005,0.0,0.5813333333333334,0.7776666666666667,28.0
7,2026-07-07,Arjun Nair,25.0,25.0,25.0,25.0,3.0,4.0,0.0,3.0,0.0,1.0,25.0,21.80552078311766,0.0,1.0,0.0,0.0,0.0,0.0,0.0,0.0,0.0,0.0,83.0
7,2026-07-07,Devansh Kulkarni,73.66666666666667,83.5,73.66666666666667,73.66666666666667,3.0,4.0,33.0,0.0,56.666666666666664,0.0,70.38888888888889,71.51440937260814,1.0,0.0,0.0,0.0,0.42166666666666663,0.6443333333333333,0.001,0.17666666666666667,0.641,0.7546666666666667,115.0
7,2026-07-07,Harshil Purohit,52.0,78.0,52.0,52.0,3.0,2.0,0.0,3.6666666666666665,0.0,2.0,43.333333333333336,45.59854581188897,0.0,1.0,0.0,0.0,0.0,0.0,0.0,0.0,0.0,0.0,20.0
7,2026-07-07,Kiaan Bansal,42.0,31.5,42.0,42.0,3.0,2.0,16.666666666666668,0.0,25.0,0.0,45.5,43.182440624200765,1.0,0.0,0.0,0.0,0.605,0.5413333333333333,0.0016666666666666668,0.27099999999999996,0.5403333333333333,0.5453333333333333,33.0
7,2026-07-07,Krish Vyas,6.0,6.0,6.0,6.0,3.0,4.0,6.333333333333333,0.0,5.666666666666667,0.0,6.0,5.595923834246461,1.0,0.0,0.0,0.0,0.454,0.518,-0.0025,0.0,0.518,0.5,30.0
7,2026-07-07,Lakshya Goyal,31.333333333333332,37.0,31.333333333333332,31.333333333333332,3.0,2.0,28.333333333333332,0.0,28.333333333333332,0.0,29.444444444444443,29.61698078033019,1.0,0.0,0.0,0.0,0.32366666666666666,0.6246666666666667,-0.006333333333333333,0.0,0.6246666666666667,0.7466666666666667,2.0
7,2026-07-07,Manan Gaur,49.0,29.5,49.0,49.0,3.0,4.0,20.0,0.0,35.666666666666664,0.0,55.5,49.908267554218845,1.0,0.0,0.0,0.0,0.213,0.659,-0.0029999999999999996,0.0,0.659,0.6126666666666667,61.0
7,2026-07-07,Naman Bhargava,23.0,34.5,23.0,23.0,3.0,2.0,0.6666666666666666,3.733333333333333,2.0,0.6666666666666666,19.166666666666668,20.81418124242009,0.0,1.0,0.0,0.0,0.6,0.398,-0.012,0.582,0.39,0.0,2.0
7,2026-07-07,Omkar Mishra,38.0,44.5,38.0,38.0,3.0,2.0,0.0,3.6666666666666665,0.0,1.3333333333333333,35.833333333333336,36.69430636708233,0.0,1.0,0.0,0.0,0.0,0.0,0.0,0.0,0.0,0.0,10.0
7,2026-07-07,Pranav Joshi,50.333333333333336,60.5,50.333333333333336,50.333333333333336,3.0,2.0,25.666666666666668,0.0,38.333333333333336,0.0,46.94444444444445,46.137480534980995,1.0,0.0,0.0,0.0,0.25166666666666665,0.6253333333333333,-0.0016666666666666668,0.0,0.6253333333333333,0.7666666666666666,4.0
7,2026-07-07,Reyansh Jain,19.333333333333332,16.5,19.333333333333332,19.333333333333332,3.0,4.0,0.0,3.0,0.0,0.6666666666666666,20.27777777777778,19.330254690987807,0.0,1.0,0.0,0.0,0.0,0.0,0.0,0.0,0.0,0.0,33.0
7,2026-07-07,Ritvik Sen,30.0,25.0,30.0,30.0,3.0,2.0,11.0,0.0,22.666666666666668,0.0,31.666666666666664,28.381322982407,1.0,0.0,0.0,0.0,0.20233333333333334,0.6066666666666666,0.005,0.0,0.6066666666666666,0.8666666666666667,35.0
7,2026-07-07,Rohan Saxena,20.0,30.0,20.0,20.0,3.0,4.0,4.0,4.0,5.333333333333333,0.6666666666666666,16.666666666666668,18.406438561964844,0.0,1.0,1.0,0.0,0.778,0.494,-0.002,0.497,0.494,1.0,25.0
7,2026-07-07,Samar Chawla,13.0,12.5,13.0,13.0,3.0,4.0,0.0,4.0,0.0,0.3333333333333333,13.166666666666668,11.102639700415663,0.0,1.0,0.0,0.0,0.0,0.0,0.0,0.0,0.0,0.0,50.0
7,2026-07-07,Tanush Chaturvedi,31.333333333333332,24.5,31.333333333333332,31.333333333333332,3.0,2.0,17.333333333333332,0.0,19.333333333333332,0.0,33.611111111111114,30.19144788242305,1.0,0.0,0.0,1.0,0.5379999999999999,0.6233333333333334,-0.008333333333333333,0.17,0.6256666666666667,0.45,0.0
7,2026-07-07,Vedant Soni,8.333333333333334,12.5,8.333333333333334,8.333333333333334,3.0,2.0,0.0,4.0,0.0,0.3333333333333333,6.9444444444444455,5.883784272664624,0.0,1.0,0.0,0.0,0.0,0.0,0.0,0.0,0.0,0.0,11.0
7,2026-07-07,Vivaan Rao,8.333333333333334,11.0,8.333333333333334,8.333333333333334,3.0,4.0,3.3333333333333335,0.0,5.0,0.0,7.4444444444444455,7.427430287625578,1.0,0.0,0.0,0.0,0.5325,0.6114999999999999,-0.0005,0.2385,0.6114999999999999,0.25,8.0
7,2026-07-07,Yash Bhandari,11.0,4.0,11.0,11.0,3.0,4.0,0.0,2.0,0.0,0.3333333333333333,13.333333333333334,11.038496636724547,0.0,1.0,0.0,0.0,0.0,0.0,0.0,0.0,0.0,0.0,25.0
8,2026-07-08,Aarav Sharma,68.25,33.5,49.666666666666664,68.25,4.0,1.0,38.75,0.0,52.0,0.0,70.54166666666667,63.316635432717085,1.0,0.0,0.0,0.0,0.286,0.5762499999999999,0.00125,0.0,0.5762499999999999,0.70775,66.0
8,2026-07-08,Advait Tiwari,21.75,28.0,20.666666666666668,21.75,4.0,1.0,0.0,4.0,0.0,0.75,19.125,19.068241593901394,0.0,1.0,0.0,0.0,0.0,0.0,0.0,0.0,0.0,0.0,25.0
8,2026-07-08,Arjun Nair,39.5,41.5,44.333333333333336,39.5,4.0,1.0,0.0,3.0,0.0,1.5,41.25,41.48152195813728,0.0,1.0,0.0,0.0,0.0,0.0,0.0,0.0,0.0,0.0,56.0
8,2026-07-08,Atharv Deshmukh,15.333333333333334,4.0,15.333333333333334,15.333333333333334,3.0,2.0,11.666666666666666,0.0,13.333333333333334,0.0,19.11111111111111,15.142588869643951,1.0,0.0,1.0,0.0,0.461,0.5546666666666668,-0.0036666666666666666,0.0,0.5546666666666668,0.8096666666666666,16.0
8,2026-07-08,Ayaan Qureshi,22.333333333333332,11.0,22.333333333333332,22.333333333333332,3.0,2.0,14.666666666666666,0.0,17.666666666666668,0.0,26.11111111111111,22.447548205236135,1.0,0.0,0.0,0.0,0.14666666666666667,0.5970000000000001,-0.06733333333333334,0.0,0.5970000000000001,0.5953333333333334,21.0
8,2026-07-08,Devansh Kulkarni,84.0,99.5,94.0,84.0,4.0,1.0,33.75,0.0,64.0,0.0,83.83333333333333,85.23896308183504,1.0,0.0,0.0,0.0,0.413,0.653,0.00125,0.1325,0.6505000000000001,0.73275,54.0
8,2026-07-08,Dhruv Patel,40.666666666666664,32.5,40.666666666666664,40.666666666666664,3.0,2.0,25.666666666666668,0.0,33.666666666666664,0.0,43.388888888888886,41.98881746213952,1.0,0.0,0.0,0.0,0.24833333333333332,0.6083333333333334,-0.0003333333333333333,0.0,0.6083333333333334,0.6346666666666666,48.0
8,2026-07-08,Eshan Tomar,25.666666666666668,31.5,25.666666666666668,25.666666666666668,3.0,2.0,21.666666666666668,0.0,23.0,0.0,23.72222222222222,24.982218224597407,1.0,0.0,0.0,0.0,0.34800000000000003,0.5686666666666667,-0.0036666666666666666,0.13933333333333334,0.543,0.7593333333333333,53.0
8,2026-07-08,Harit Sharma,24.666666666666668,31.5,24.666666666666668,24.666666666666668,3.0,2.0,14.0,2.0,14.666666666666666,0.3333333333333333,22.38888888888889,20.325872060143773,1.0,1.0,1.0,0.0,0.6043333333333333,0.5419999999999999,-0.01,0.20933333333333334,0.5379999999999999,0.6413333333333333,9.0
8,2026-07-08,Kartik Shukla,18.666666666666668,28.0,18.666666666666668,18.666666666666668,3.0,2.0,4.0,3.766666666666667,7.333333333333333,0.3333333333333333,15.555555555555557,16.840527213281586,0.0,1.0,0.0,0.0,0.896,0.4825,-0.0265,0.136,0.4825,0.25,21.0
8,2026-07-08,Krish Vyas,12.0,21.0,14.0,12.0,4.0,1.0,9.5,0.0,10.75,0.0,10.0,10.216144054003797,1.0,0.0,0.0,0.0,0.426,0.5363333333333333,0.0003333333333333333,0.0,0.5363333333333333,0.6666666666666666,40.0
8,2026-07-08,Manan Gaur,52.0,47.5,40.0,52.0,4.0,1.0,19.0,0.0,34.5,0.0,47.5,44.97346776618148,1.0,0.0,0.0,0.0,0.22125,0.6645000000000001,-0.0007499999999999998,0.0,0.6645000000000001,0.62625,56.0
8,2026-07-08,Parth Dubey,34.0,51.0,34.0,34.0,3.0,2.0,8.666666666666666,3.6666666666666665,13.0,0.6666666666666666,28.333333333333336,30.65456181004004,0.0,1.0,0.0,0.0,0.746,0.366,0.0015,0.0555,0.366,0.875,64.0
8,2026-07-08,Reyansh Jain,22.75,29.0,22.0,22.75,4.0,1.0,0.0,3.0,0.0,0.75,20.291666666666668,19.9259383402758,0.0,1.0,0.0,0.0,0.0,0.0,0.0,0.0,0.0,0.0,50.0
8,2026-07-08,Rohan Saxena,21.25,32.0,28.333333333333332,21.25,4.0,1.0,3.0,4.0,4.0,0.75,21.208333333333336,21.477097991917354,0.0,1.0,1.0,0.0,0.778,0.494,-0.002,0.497,0.494,1.0,1.0
8,2026-07-08,Samar Chawla,22.25,25.0,25.0,22.25,4.0,1.0,0.0,3.825,0.0,0.75,22.708333333333336,22.6969827538204,0.0,1.0,0.0,0.0,0.0,0.0,0.0,0.0,0.0,0.0,8.0
8,2026-07-08,Siddhant Rathi,5.0,7.5,5.0,5.0,3.0,2.0,4.333333333333333,3.0,3.0,0.0,4.166666666666667,3.9527891029598057,0.0,1.0,0.0,0.0,0.8714999999999999,0.4595,-0.0195,0.1525,0.4595,0.8335,0.0
8,2026-07-08,Tanishq Rawat,23.666666666666668,23.0,23.666666666666668,23.666666666666668,3.0,2.0,0.6666666666666666,3.3333333333333335,0.0,1.0,23.888888888888893,23.125213565207424,0.0,1.0,0.0,0.0,0.9225,0.46699999999999997,0.0,0.10250000000000001,0.46699999999999997,0.0,21.0
8,2026-07-08,Vihaan Trivedi,4.333333333333333,6.0,4.333333333333333,4.333333333333333,3.0,2.0,4.0,0.0,4.0,0.0,3.7777777777777777,2.9292496403539205,1.0,0.0,0.0,0.0,0.37733333333333335,0.6026666666666667,-0.022000000000000002,0.0,0.6026666666666667,0.5,29.0
8,2026-07-08,Viraj Thakur,14.0,21.0,14.0,14.0,3.0,2.0,3.6666666666666665,3.0,3.0,0.3333333333333333,11.666666666666668,12.161566596965093,0.0,1.0,0.0,0.0,0.6665000000000001,0.3315,-0.0515,0.079,0.3315,0.5,7.0
8,2026-07-08,Vivaan Rao,8.25,11.0,10.0,8.25,4.0,1.0,2.5,0.0,3.75,0.0,8.208333333333334,7.6993131226358855,1.0,0.0,0.0,0.0,0.5325,0.6114999999999999,-0.0005,0.2385,0.6114999999999999,0.25,16.0
8,2026-07-08,Yash Bhandari,14.5,16.5,11.0,14.5,4.0,1.0,0.0,2.0,0.0,0.5,12.083333333333334,11.169998104582811,0.0,1.0,0.0,0.0,0.0,0.0,0.0,0.0,0.0,0.0,6.0
9,2026-07-09,Aarav Sharma,67.8,41.0,44.333333333333336,67.8,5.0,1.0,40.6,0.0,53.2,0.0,65.0,60.49556758902656,1.0,0.0,0.0,0.0,0.259,0.5808,0.001,0.0,0.5808,0.72,1.0
9,2026-07-09,Aarush Khandelwal,27.666666666666668,29.0,27.666666666666668,27.666666666666668,3.0,3.0,0.0,3.0,0.0,1.0,27.22222222222222,27.00197835604583,0.0,1.0,0.0,0.0,0.0,0.0,0.0,0.0,0.0,0.0,8.0
9,2026-07-09,Advait Tiwari,22.4,40.5,27.0,22.4,5.0,1.0,0.0,4.0,0.0,0.8,18.666666666666668,18.12272430373682,0.0,1.0,0.0,0.0,0.0,0.0,0.0,0.0,0.0,0.0,14.0
9,2026-07-09,Anay Gupta,72.0,58.5,72.0,72.0,3.0,3.0,43.333333333333336,0.0,59.0,0.0,76.5,73.58981867225637,1.0,0.0,0.0,0.0,0.14833333333333334,0.5773333333333334,0.0006666666666666666,0.0,0.5773333333333334,0.6749999999999999,38.0
9,2026-07-09,Arjun Nair,42.8,69.5,46.333333333333336,42.8,5.0,1.0,0.0,3.0,0.0,1.6,35.666666666666664,35.53700811714971,0.0,1.0,0.0,0.0,0.0,0.0,0.0,0.0,0.0,0.0,0.0
9,2026-07-09,Arnav Suri,34.666666666666664,52.0,34.666666666666664,34.666666666666664,3.0,3.0,1.6666666666666667,4.0,2.3333333333333335,1.3333333333333333,28.88888888888889,33.05895118714112,0.0,1.0,1.0,0.0,0.3295,0.612,-0.08249999999999999,0.0,0.612,0.5,19.0
9,2026-07-09,Devansh Kulkarni,78.0,84.5,84.33333333333333,78.0,5.0,1.0,32.4,0.0,58.6,0.0,79.0,78.0911601332147,1.0,0.0,0.0,0.0,0.37639999999999996,0.6494,0.0006000000000000001,0.10600000000000001,0.6474,0.7612,6.0
9,2026-07-09,Hriday Vohra,21.666666666666668,17.0,21.666666666666668,21.666666666666668,3.0,3.0,9.0,0.0,14.333333333333334,0.0,23.22222222222222,22.065148775850624,1.0,0.0,0.0,0.0,0.31766666666666665,0.557,-0.006666666666666667,0.0,0.557,0.38866666666666666,13.0
9,2026-07-09,Keshav Lal,68.66666666666667,61.0,68.66666666666667,68.66666666666667,3.0,3.0,36.666666666666664,0.0,51.0,0.0,71.22222222222223,69.53672164849075,1.0,0.0,0.0,0.0,0.09033333333333333,0.5926666666666667,-0.0023333333333333335,0.0,0.5926666666666667,0.703,79.0
9,2026-07-09,Krish Vyas,17.6,35.0,27.333333333333332,17.6,5.0,1.0,9.6,0.0,13.2,0.0,16.666666666666668,16.978321589233005,1.0,0.0,0.0,0.0,0.41000000000000003,0.56575,-0.00275,0.0,0.56575,0.75,24.0
9,2026-07-09,Madhav Iyer,11.0,16.5,11.0,11.0,3.0,3.0,1.3333333333333333,0.0,1.6666666666666667,0.0,9.166666666666668,10.193773062316682,1.0,0.0,0.0,0.0,0.302,0.548,-0.009,0.0,0.548,1.0,0.0
9,2026-07-09,Manan Gaur,52.8,58.5,50.333333333333336,52.8,5.0,1.0,20.0,0.0,35.0,0.0,49.666666666666664,47.876458083341106,1.0,0.0,0.0,0.0,0.19019999999999998,0.6612,1.7347234759768072e-19,0.0,0.6612,0.6759999999999999,96.0
9,2026-07-09,Mihir Chhabra,43.0,52.0,43.0,43.0,3.0,3.0,7.666666666666667,3.0,12.0,1.0,40.0,36.874477283993585,0.0,1.0,0.0,0.0,0.414,0.429,0.003,0.0,0.429,1.0,0.0
9,2026-07-09,Nakul Bedi,21.333333333333332,19.0,21.333333333333332,21.333333333333332,3.0,3.0,12.666666666666666,0.0,17.0,0.0,22.11111111111111,19.962343410452675,1.0,0.0,0.0,0.0,0.23700000000000002,0.57,-0.0036666666666666666,0.0,0.57,0.4306666666666667,97.0
9,2026-07-09,Pratyush Dubey,8.333333333333334,12.5,8.333333333333334,8.333333333333334,3.0,3.0,0.0,2.3666666666666667,0.0,0.3333333333333333,6.9444444444444455,7.7587842726646254,0.0,1.0,0.0,0.0,0.0,0.0,0.0,0.0,0.0,0.0,83.0
9,2026-07-09,Reyansh Jain,28.2,41.5,36.0,28.2,5.0,1.0,0.0,3.0,0.0,1.0,27.666666666666664,27.6761189472773,0.0,1.0,0.0,0.0,0.0,0.0,0.0,0.0,0.0,0.0,25.0
9,2026-07-09,Rohan Saxena,17.2,13.0,21.666666666666668,17.2,5.0,1.0,2.8,4.0,3.4,0.6,20.833333333333336,19.76947830089112,0.0,1.0,1.0,0.0,0.606,0.489,-0.0735,0.2485,0.489,1.0,84.0
9,2026-07-09,Samar Chawla,19.4,29.0,19.333333333333332,19.4,5.0,1.0,0.0,3.8600000000000003,0.0,0.6,16.166666666666668,15.134390682239482,0.0,1.0,0.0,0.0,0.0,0.0,0.0,0.0,0.0,0.0,10.0
9,2026-07-09,Shaan Oberoi,51.0,76.5,51.0,51.0,3.0,3.0,7.0,4.0,8.0,1.6666666666666667,42.5,46.33539610565333,0.0,1.0,0.0,0.0,0.437,0.393,0.001,0.0,0.393,0.625,100.0
9,2026-07-09,Vivaan Rao,9.8,12.0,12.666666666666666,9.8,5.0,1.0,3.8,0.0,5.6,0.0,10.5,10.042950373337165,1.0,0.0,0.0,0.0,0.48533333333333334,0.5803333333333334,0.004666666666666666,0.159,0.5803333333333334,0.2776666666666667,6.0
9,2026-07-09,Yash Bhandari,12.8,15.5,13.0,12.8,5.0,1.0,0.0,2.0,0.0,0.4,12.000000000000002,10.788791293876063,0.0,1.0,0.0,0.0,0.0,0.0,0.0,0.0,0.0,0.0,0.0
9,2026-07-09,Yuvraj Panwar,37.0,30.5,37.0,37.0,3.0,3.0,0.6666666666666666,3.0,1.0,1.3333333333333333,39.16666666666667,38.331686270077014,0.0,1.0,0.0,0.0,0.504,0.444,0.013,0.0,0.444,0.0,33.0
10,2026-07-10,Abeer Khan,55.75,74.0,74.33333333333333,55.75,4.0,3.0,8.75,3.75,8.0,1.75,58.958333333333336,60.41217894037414,0.0,1.0,0.0,0.0,0.4665,0.34850000000000003,-0.0025,0.1135,0.3415,0.6665,3.0
10,2026-07-10,Advik Agarwal,24.5,25.0,30.0,24.5,4.0,3.0,12.5,0.0,18.0,0.0,27.083333333333336,26.660574993492702,1.0,0.0,0.0,0.0,0.36175,0.59675,0.0025,0.0,0.59675,0.58325,35.0
10,2026-07-10,Atharv Deshmukh,15.5,8.5,8.0,15.5,4.0,2.0,10.75,0.0,13.5,0.0,14.083333333333334,11.874889394991142,1.0,0.0,1.0,0.0,0.51,0.5527500000000001,-0.004999999999999999,0.11375,0.5525,0.85725,2.0
10,2026-07-10,Ayaan Qureshi,22.0,16.5,14.333333333333334,22.0,4.0,2.0,15.5,0.0,17.25,0.0,20.000000000000004,17.82558038651615,1.0,0.0,0.0,0.0,0.1905,0.589,-0.05075,0.0,0.589,0.6965,126.0
10,2026-07-10,Dhruv Patel,42.5,52.5,37.666666666666664,42.5,4.0,2.0,22.75,0.0,32.75,0.0,36.75000000000001,35.76525434579759,1.0,0.0,0.0,0.0,0.25775,0.62575,0.001,0.0,0.62575,0.726,88.0
10,2026-07-10,Eshan Tomar,32.5,49.5,38.666666666666664,32.5,4.0,2.0,28.25,0.0,29.25,0.0,29.916666666666668,30.883202451138366,1.0,0.0,0.0,0.0,0.39975,0.55775,-0.003,0.214,0.53675,0.6805,1.0
10,2026-07-10,Harit Sharma,20.75,6.0,24.0,20.75,4.0,2.0,14.0,2.0,14.0,0.25,27.291666666666668,24.954017217223797,1.0,1.0,1.0,0.0,0.647,0.53825,-0.00525,0.28825,0.53525,0.631,7.0
10,2026-07-10,Harshil Purohit,44.0,38.0,58.666666666666664,44.0,4.0,3.0,2.0,3.5,4.0,1.5,53.333333333333336,51.724648696720365,0.0,1.0,0.0,0.0,0.431,0.303,0.011,0.0,0.303,0.667,22.0
10,2026-07-10,Kartik Shukla,19.25,26.5,25.666666666666668,19.25,4.0,2.0,3.0,3.825,5.5,0.5,20.041666666666668,20.044991485872938,0.0,1.0,0.0,0.0,0.896,0.4825,-0.0265,0.136,0.4825,0.25,100.0
10,2026-07-10,Kiaan Bansal,39.75,41.5,32.0,39.75,4.0,3.0,22.75,0.0,27.0,0.0,35.291666666666664,33.226959894367425,1.0,0.0,0.0,0.0,0.5335,0.53,0.001,0.20325,0.52925,0.5235,0.0
10,2026-07-10,Lakshya Goyal,24.0,18.5,25.333333333333332,24.0,4.0,3.0,22.0,0.0,21.75,0.0,26.5,24.486602031645983,1.0,0.0,0.0,0.0,0.25525,0.606,-0.01075,0.0,0.606,0.81,5.0
10,2026-07-10,Naman Bhargava,17.75,20.0,23.666666666666668,17.75,4.0,3.0,1.25,3.55,2.0,0.5,19.958333333333336,18.93782833224432,0.0,1.0,0.0,0.0,0.485,0.395,-0.0075,0.291,0.391,0.0,53.0
10,2026-07-10,Omkar Mishra,31.0,30.0,33.0,31.0,4.0,3.0,1.75,3.325,2.25,1.0,32.333333333333336,30.66572682961635,0.0,1.0,0.0,0.0,0.543,0.474,0.001,0.0,0.474,1.0,25.0
10,2026-07-10,Parth Dubey,41.5,57.0,55.333333333333336,41.5,4.0,2.0,6.5,3.75,9.75,1.0,43.25,44.656364196982,0.0,1.0,0.0,0.0,0.746,0.366,0.0015,0.0555,0.366,0.875,99.0
10,2026-07-10,Pranav Joshi,38.75,21.0,41.666666666666664,38.75,4.0,3.0,20.75,0.0,29.75,0.0,46.125,42.718715983106485,1.0,0.0,0.0,0.0,0.20400000000000001,0.6065,-0.00275,0.0,0.6065,0.825,38.0
10,2026-07-10,Ritvik Sen,31.25,23.0,28.333333333333332,31.25,4.0,3.0,10.5,0.0,24.25,0.0,32.54166666666667,30.834357478393688,1.0,0.0,0.0,0.0,0.15525,0.61725,0.004,0.0,0.61725,0.9,14.0
10,2026-07-10,Siddhant Rathi,3.75,4.0,5.0,3.75,4.0,2.0,3.25,3.0,2.25,0.0,4.291666666666666,3.4865609916802227,0.0,1.0,0.0,0.0,0.8714999999999999,0.4595,-0.0195,0.1525,0.4595,0.8335,56.0
10,2026-07-10,Tanishq Rawat,23.0,23.0,22.333333333333332,23.0,4.0,2.0,0.5,3.5,0.0,1.0,22.666666666666668,21.779559885480122,0.0,1.0,0.0,0.0,0.9225,0.46699999999999997,0.0,0.10250000000000001,0.46699999999999997,0.0,25.0
10,2026-07-10,Tanush Chaturvedi,23.5,7.0,16.333333333333332,23.5,4.0,3.0,13.25,0.0,14.5,0.0,25.416666666666668,21.84199472362805,1.0,0.0,0.0,1.0,0.4315,0.628,-0.00625,0.1275,0.62975,0.3375,4.0
10,2026-07-10,Vedant Soni,9.0,5.5,12.0,9.0,4.0,3.0,2.25,3.75,2.5,0.25,11.666666666666666,10.771420306717506,0.0,1.0,0.0,0.0,0.532,0.326,0.004,0.0,0.326,0.667,1.0
10,2026-07-10,Vihaan Trivedi,10.5,15.0,13.666666666666666,10.5,4.0,2.0,6.5,0.0,8.75,0.0,10.583333333333334,10.643188653365907,1.0,0.0,0.0,0.0,0.406,0.612,-0.0165,0.0,0.612,0.625,14.0
10,2026-07-10,Viraj Thakur,12.25,13.5,16.333333333333332,12.25,4.0,2.0,3.75,3.0,2.5,0.25,13.875,13.179271673609131,0.0,1.0,0.0,0.0,0.725,0.3193333333333333,-0.05766666666666667,0.17366666666666666,0.3193333333333333,0.3333333333333333,14.0
11,2026-07-11,Aarush Khandelwal,22.75,20.5,22.0,22.75,4.0,2.0,0.0,3.0,0.0,0.75,23.125,21.499271673609133,0.0,1.0,0.0,0.0,0.0,0.0,0.0,0.0,0.0,0.0,17.0
11,2026-07-11,Abeer Khan,45.2,35.5,50.333333333333336,45.2,5.0,1.0,7.8,3.8,7.0,1.4,51.0,49.20099768070402,0.0,1.0,0.0,0.0,0.5803333333333334,0.35766666666666663,-0.019666666666666666,0.13333333333333333,0.353,0.4443333333333333,93.0
11,2026-07-11,Advik Agarwal,26.6,31.5,28.333333333333332,26.6,5.0,1.0,12.2,0.0,19.4,0.0,25.833333333333336,25.422376286308943,1.0,0.0,0.0,0.0,0.3932,0.6086,0.0014,0.0,0.6086,0.6,5.0
11,2026-07-11,Anay Gupta,63.5,59.0,51.666666666666664,63.5,4.0,2.0,39.5,0.0,52.5,0.0,59.083333333333336,55.47054361202704,1.0,0.0,0.0,0.0,0.1315,0.565,0.00175,0.0,0.565,0.66,43.0
11,2026-07-11,Arnav Suri,30.75,48.5,41.0,30.75,4.0,2.0,2.25,4.0,4.0,1.0,29.958333333333332,30.01949778834579,0.0,1.0,1.0,0.0,0.35133333333333333,0.625,-0.052333333333333336,0.0,0.625,0.3333333333333333,80.0
11,2026-07-11,Harshil Purohit,39.6,21.0,32.666666666666664,39.6,5.0,1.0,2.0,3.6,3.4,1.4,42.33333333333333,40.03159107009623,0.0,1.0,0.0,0.0,0.634,0.2915,-0.0755,0.0,0.2915,0.8335,35.0
11,2026-07-11,Hriday Vohra,19.5,21.5,15.666666666666666,19.5,4.0,2.0,10.25,0.0,13.0,0.0,16.916666666666668,15.445866708358432,1.0,0.0,0.0,0.0,0.313,0.54375,-0.0055,0.0,0.54375,0.4415,9.0
11,2026-07-11,Keshav Lal,71.25,78.5,67.0,71.25,4.0,2.0,37.75,0.0,54.0,0.0,66.70833333333333,65.80934213218738,1.0,0.0,0.0,0.0,0.094,0.58775,-0.001,0.0,0.58775,0.6677500000000001,7.0
11,2026-07-11,Kiaan Bansal,31.8,16.5,27.666666666666668,31.8,5.0,1.0,20.2,0.0,22.2,0.0,34.83333333333333,31.842869501270393,1.0,0.0,0.0,0.0,0.5566,0.5067999999999999,-0.0006000000000000001,0.2632,0.503,0.5046,13.0
11,2026-07-11,Lakshya Goyal,20.2,3.5,14.0,20.2,5.0,1.0,20.4,0.0,19.2,0.0,22.666666666666664,20.502604135433725,1.0,0.0,0.0,0.0,0.2864,0.5996,-0.008,0.0,0.5996,0.808,9.0
11,2026-07-11,Madhav Iyer,8.25,14.0,11.0,8.25,4.0,2.0,1.0,0.0,1.25,0.0,7.708333333333333,6.998708567000692,1.0,0.0,0.0,0.0,0.302,0.548,-0.009,0.0,0.548,1.0,20.0
11,2026-07-11,Mihir Chhabra,32.25,4.0,34.666666666666664,32.25,4.0,2.0,5.75,3.0,9.0,0.75,42.875,38.585981282909884,0.0,1.0,0.0,0.0,0.414,0.429,0.003,0.0,0.429,1.0,25.0
11,2026-07-11,Nakul Bedi,40.25,53.5,45.0,40.25,4.0,2.0,17.75,0.0,30.25,0.0,38.208333333333336,39.421254537611055,1.0,0.0,0.0,0.0,0.25825000000000004,0.5755,-0.0024999999999999996,0.0,0.5755,0.54525,5.0
11,2026-07-11,Naman Bhargava,24.8,27.5,31.0,24.8,5.0,1.0,1.8,3.6399999999999997,2.2,0.8,27.0,26.826842496247256,0.0,1.0,0.0,0.0,0.5886666666666667,0.3606666666666667,-0.016,0.20199999999999999,0.35800000000000004,0.16666666666666666,97.0
11,2026-07-11,Omkar Mishra,29.8,17.5,28.333333333333332,29.8,5.0,1.0,1.4,3.46,1.8,1.0,33.16666666666667,31.615238495860673,0.0,1.0,0.0,0.0,0.543,0.474,0.001,0.0,0.474,1.0,106.0
11,2026-07-11,Pranav Joshi,38.6,21.0,26.666666666666668,38.6,5.0,1.0,21.0,0.0,29.2,0.0,38.50000000000001,36.08384086458634,1.0,0.0,0.0,0.0,0.233,0.6064,-0.0014,0.0,0.6064,0.86,45.0
11,2026-07-11,Pratyush Dubey,27.0,54.0,36.0,27.0,4.0,2.0,0.0,2.525,0.0,1.0,22.5,24.885764908323573,0.0,1.0,0.0,0.0,0.0,0.0,0.0,0.0,0.0,0.0,31.0
11,2026-07-11,Ritvik Sen,27.8,24.5,20.0,27.8,5.0,1.0,10.8,0.0,22.0,0.0,25.0,23.073704611389655,1.0,0.0,0.0,0.0,0.183,0.5998,0.0056,0.0,0.5998,0.8400000000000001,119.0
11,2026-07-11,Shaan Oberoi,63.25,87.5,84.33333333333333,63.25,4.0,2.0,5.25,4.0,6.0,2.25,65.70833333333334,68.32308104074941,0.0,1.0,0.0,0.0,0.437,0.393,0.001,0.0,0.393,0.625,59.0
11,2026-07-11,Tanush Chaturvedi,19.6,2.0,6.0,19.6,5.0,1.0,13.4,0.0,13.2,0.0,18.666666666666668,15.677856933143607,1.0,0.0,0.0,1.0,0.4666,0.6098,-0.0048000000000000004,0.20460000000000003,0.6134000000000001,0.3366,0.0
11,2026-07-11,Vedant Soni,7.4,6.0,4.0,7.4,5.0,1.0,2.2,3.8,2.2,0.2,6.166666666666667,4.987710609311753,0.0,1.0,0.0,0.0,0.696,0.35250000000000004,-0.0045,0.017,0.35250000000000004,0.3335,8.0
11,2026-07-11,Yuvraj Panwar,36.0,45.5,31.333333333333332,36.0,4.0,2.0,0.5,3.0,0.75,1.25,30.5,29.220398159544214,0.0,1.0,0.0,0.0,0.504,0.444,0.013,0.0,0.444,0.0,32.0
12,2026-07-12,Aarush Khandelwal,21.6,12.5,19.333333333333332,21.6,5.0,1.0,1.8,3.0,3.0,0.6,23.500000000000004,22.04361777760845,0.0,1.0,0.0,0.0,0.862,0.453,-0.008,0.045,0.453,1.0,0.0
12,2026-07-12,Anay Gupta,59.4,40.5,53.666666666666664,59.4,5.0,1.0,35.2,0.0,47.4,0.0,62.83333333333333,59.69977005306099,1.0,0.0,0.0,0.0,0.1794,0.567,0.0024000000000000002,0.0,0.567,0.6946,81.0
12,2026-07-12,Arnav Suri,40.6,49.5,59.0,40.6,5.0,1.0,4.4,4.0,6.2,1.2,46.833333333333336,47.44641580128281,0.0,1.0,1.0,0.0,0.39325,0.6265000000000001,-0.041749999999999995,0.0,0.6265000000000001,0.4,40.0
12,2026-07-12,Atharv Deshmukh,12.8,9.0,6.333333333333333,12.8,5.0,2.0,9.0,0.0,11.2,0.0,10.833333333333334,8.771026600903493,0.0,0.0,1.0,0.0,0.48740000000000006,0.5572,-0.010199999999999999,0.091,0.557,0.6858,0.0
12,2026-07-12,Ayaan Qureshi,42.8,73.5,53.0,42.8,5.0,2.0,24.8,0.0,33.6,0.0,37.666666666666664,38.25193791422368,1.0,0.0,0.0,0.0,0.181,0.592,-0.040600000000000004,0.0,0.592,0.7038,2.0
12,2026-07-12,Dhruv Patel,51.6,68.0,64.33333333333333,51.6,5.0,2.0,27.2,0.0,38.0,0.0,52.5,52.552506303036715,1.0,0.0,0.0,0.0,0.23759999999999998,0.626,0.0012000000000000001,0.0,0.626,0.7102,0.0
12,2026-07-12,Eshan Tomar,26.2,27.0,33.333333333333336,26.2,5.0,2.0,23.0,0.0,23.6,0.0,29.5,28.34608169077466,1.0,0.0,0.0,0.0,0.3822,0.55,-0.03660000000000001,0.1712,0.5332,0.7444,73.0
12,2026-07-12,Harit Sharma,18.0,8.0,6.333333333333333,18.0,5.0,2.0,11.6,2.0,11.4,0.2,15.5,13.27291290415795,1.0,1.0,1.0,0.0,0.6024,0.537,-0.0406,0.2306,0.5346,0.7048,73.0
12,2026-07-12,Hriday Vohra,17.4,11.0,17.333333333333332,17.4,5.0,1.0,10.0,0.0,12.0,0.0,19.5,17.935664382015684,1.0,0.0,0.0,0.0,0.3332,0.537,-0.0046,0.0,0.537,0.5532,6.0
12,2026-07-12,Kartik Shukla,35.4,60.5,51.0,35.4,5.0,2.0,2.4,3.56,4.4,1.2,34.833333333333336,36.061650169525066,0.0,1.0,0.0,0.0,0.896,0.4825,-0.0265,0.136,0.4825,0.25,21.0
12,2026-07-12,Keshav Lal,58.4,43.0,54.666666666666664,58.4,5.0,1.0,31.6,0.0,44.4,0.0,61.666666666666664,58.29343787349767,1.0,0.0,0.0,0.0,0.124,0.59,-0.0064,0.0,0.59,0.6676,20.0
12,2026-07-12,Madhav Iyer,10.6,10.0,16.0,10.6,5.0,1.0,4.4,0.0,3.8,0.0,13.5,12.976578115133583,1.0,0.0,0.0,0.0,0.4595,0.5005000000000001,-0.012,0.0955,0.466,0.65,54.0
12,2026-07-12,Mihir Chhabra,30.8,12.5,11.0,30.8,5.0,1.0,4.8,3.0,7.2,0.8,27.0,23.83229339518031,0.0,1.0,0.0,0.0,0.498,0.476,0.0015,0.0,0.476,0.5,72.0
12,2026-07-12,Nakul Bedi,33.2,51.0,37.333333333333336,33.2,5.0,1.0,14.4,0.0,25.0,0.0,29.33333333333334,28.03779613183544,1.0,0.0,0.0,0.0,0.2686,0.5738,-0.0019999999999999996,0.0,0.5738,0.43620000000000003,34.0
12,2026-07-12,Parth Dubey,53.0,81.5,71.0,53.0,5.0,2.0,5.2,3.6,7.8,1.4,52.5,53.988912086924564,0.0,1.0,0.0,0.0,0.746,0.366,0.0015,0.0555,0.366,0.875,2.0
12,2026-07-12,Pratyush Dubey,27.8,57.0,46.333333333333336,27.8,5.0,1.0,1.4,2.62,1.2,1.0,27.333333333333336,27.89021392874358,0.0,1.0,0.0,0.0,0.84,0.376,-0.021,0.091,0.376,0.5,46.0
12,2026-07-12,Shaan Oberoi,62.4,79.5,78.0,62.4,5.0,1.0,4.4,4.0,5.0,2.2,64.5,64.87809471664663,0.0,1.0,0.0,0.0,0.5345,0.403,-0.0095,0.049,0.403,0.3125,21.0
12,2026-07-12,Siddhant Rathi,14.2,28.0,21.333333333333332,14.2,5.0,2.0,2.6,3.0,1.8,0.4,13.166666666666668,13.399466191604956,0.0,1.0,0.0,0.0,0.8714999999999999,0.4595,-0.0195,0.1525,0.4595,0.8335,25.0
12,2026-07-12,Tanishq Rawat,23.4,23.0,23.666666666666668,23.4,5.0,2.0,0.4,3.2,0.0,1.0,23.666666666666664,22.900772131653323,0.0,1.0,0.0,0.0,0.9225,0.46699999999999997,0.0,0.10250000000000001,0.46699999999999997,0.0,0.0
12,2026-07-12,Vihaan Trivedi,11.2,21.5,14.666666666666666,11.2,5.0,2.0,6.6,0.0,9.4,0.0,9.5,9.143209509199918,1.0,0.0,0.0,0.0,0.39980000000000004,0.6234,-0.0124,0.0,0.6234,0.5,62.0
12,2026-07-12,Viraj Thakur,12.6,10.5,13.666666666666666,12.6,5.0,2.0,3.0,3.0,2.0,0.2,13.833333333333332,13.07559267826128,0.0,1.0,0.0,0.0,0.725,0.3193333333333333,-0.05766666666666667,0.17366666666666666,0.3193333333333333,0.3333333333333333,45.0
12,2026-07-12,Yuvraj Panwar,35.2,32.5,41.0,35.2,5.0,1.0,1.4,3.0,2.0,1.2,39.0,37.63513975118864,0.0,1.0,0.0,0.0,0.618,0.427,-0.002000000000000001,0.148,0.427,0.0,45.0
